Round,Mean_Variance,Number_of_outliers,Layer,Attack_Type,MALICIOUS_NODE_RATIO,MALICIOUS_DATA_RATIO,Weight_Min,Weight_Max,Weight_Mean,Weight_Median,Weight_Std,Weight_Q25,Weight_Q75,First_Weight,Run ID
1,0.0,0,distilbert.transformer.layer.1.attention.out_lin.weight,random,0.1,0.1,-0.45707044,0.45196703,-2.5535912e-06,2.4734883e-05,0.035427567,-0.022019021,0.022064593,0.0122276665642857,0
2,0.0,0,distilbert.transformer.layer.1.attention.out_lin.weight,random,0.1,0.1,-0.4574298,0.45366618,-2.088908e-06,1.7487251e-05,0.03542843,-0.022019587,0.022072796,0.0130800250917673,0
1,0.0,0,distilbert.transformer.layer.2.attention.k_lin.weight,random,0.1,0.1,-0.33888343,0.36843982,3.9500894e-05,4.883338e-05,0.047444105,-0.031149127,0.03117739,0.0945663526654243,0
2,0.0,0,distilbert.transformer.layer.2.attention.k_lin.weight,random,0.1,0.1,-0.338706,0.36900842,3.9380182e-05,4.9404094e-05,0.047447506,-0.031158078,0.031172214,0.0964599475264549,0
1,0.0,0,distilbert.transformer.layer.0.attention.k_lin.weight,random,0.1,0.1,-0.937729,0.78095865,9.924597e-06,4.8183738e-05,0.043190528,-0.027057735,0.02705393,0.0371307209134101,0
2,0.0,0,distilbert.transformer.layer.0.attention.k_lin.weight,random,0.1,0.1,-0.93542874,0.78098154,1.3057947e-05,4.801819e-05,0.04319154,-0.027056672,0.027031813,0.0341223888099193,0
2,0.0,0,distilbert.transformer.layer.0.output_layer_norm.weight,random,0.1,0.1,0.10509004,0.84880584,0.746988,0.75960636,0.07073918,0.728817,0.7876368,0.7975783348083496,0
1,0.0,0,distilbert.transformer.layer.0.output_layer_norm.weight,random,0.1,0.1,0.10676817,0.8490036,0.74704504,0.76003706,0.07077969,0.72869337,0.788056,0.7972766757011414,0
2,0.0,0,distilbert.transformer.layer.4.ffn.lin2.weight,random,0.1,0.1,-4.2564883,2.3775308,-1.13434035e-05,2.0751559e-05,0.042057678,-0.026495991,0.026575126,0.0465305633842945,0
1,0.0,0,distilbert.transformer.layer.4.ffn.lin2.weight,random,0.1,0.1,-4.2543325,2.3772795,-1.5842314e-05,9.792042e-06,0.04205769,-0.026504204,0.02657815,0.0461600832641124,0
1,0.0,0,distilbert.transformer.layer.2.attention.v_lin.weight,random,0.1,0.1,-0.23228551,0.23678152,8.405028e-05,4.727914e-05,0.042274863,-0.02736062,0.027535591,0.0674958899617195,0
2,0.0,0,distilbert.transformer.layer.2.attention.v_lin.weight,random,0.1,0.1,-0.23474216,0.23630637,8.358172e-05,5.5629393e-05,0.042276397,-0.027357072,0.027526725,0.0680477917194366,0
2,0.0,0,distilbert.transformer.layer.3.sa_layer_norm.weight,random,0.1,0.1,0.4827997,3.4658017,0.7386286,0.7408496,0.12914713,0.6798586,0.794588,0.8442334532737732,0
1,0.0,0,distilbert.transformer.layer.3.sa_layer_norm.weight,random,0.1,0.1,0.48123828,3.4668243,0.7385318,0.7403996,0.12920746,0.6788668,0.7936846,0.8426428437232971,0
1,0.0,0,distilbert.transformer.layer.2.output_layer_norm.weight,random,0.1,0.1,0.48151717,0.9419762,0.8108516,0.82629013,0.07641845,0.7663834,0.8681613,0.906818389892578,0
2,0.0,0,distilbert.transformer.layer.2.output_layer_norm.weight,random,0.1,0.1,0.48217884,0.9429549,0.81090766,0.8266425,0.07641737,0.76693225,0.8690263,0.9079115390777588,0
1,0.0,0,distilbert.transformer.layer.2.ffn.lin1.weight,random,0.1,0.1,-0.7966144,1.2013019,0.00025816954,8.449363e-05,0.046109673,-0.029017087,0.029356847,-0.0113260373473167,0
2,0.0,0,distilbert.transformer.layer.2.ffn.lin1.weight,random,0.1,0.1,-0.7961499,1.200809,0.000257935,7.810937e-05,0.04610759,-0.029031813,0.029356275,-0.0118716862052679,0
1,0.0,0,distilbert.transformer.layer.1.attention.q_lin.weight,random,0.1,0.1,-0.5396324,0.5668351,-4.4552726e-06,8.15174e-05,0.05642546,-0.034777354,0.03465116,0.0911021903157234,0
2,0.0,0,distilbert.transformer.layer.1.attention.q_lin.weight,random,0.1,0.1,-0.53700197,0.56758,-2.3722855e-06,6.875881e-05,0.05642498,-0.03476993,0.034635887,0.0911162942647934,0
2,0.0,0,distilbert.embeddings.LayerNorm.weight,random,0.1,0.1,0.087588616,0.9316194,0.7441838,0.7744001,0.1355109,0.73008853,0.8129655,0.8431616425514221,0
1,0.0,0,distilbert.embeddings.LayerNorm.weight,random,0.1,0.1,0.08730675,0.9315845,0.74418545,0.773805,0.13556929,0.7302798,0.8124715,0.8418167233467102,0
2,0.0,0,distilbert.transformer.layer.3.output_layer_norm.weight,random,0.1,0.1,0.31745502,1.1535846,0.7743354,0.78011906,0.050173264,0.74736917,0.8085767,0.8411134481430054,0
1,0.0,0,distilbert.transformer.layer.3.output_layer_norm.weight,random,0.1,0.1,0.3175535,1.1534288,0.77426463,0.7797221,0.05020597,0.7468905,0.8089303,0.8410941958427429,0
1,0.0,0,distilbert.transformer.layer.5.ffn.lin2.weight,random,0.1,0.1,-3.1849716,1.0872093,1.1102324e-05,2.0566527e-05,0.03708838,-0.024525872,0.02455382,-0.0017938161035999,0
2,0.0,0,distilbert.transformer.layer.5.ffn.lin2.weight,random,0.1,0.1,-3.1831834,1.0865078,-8.463333e-06,5.5457167e-07,0.037085842,-0.02454676,0.024533186,-0.0022473989520221,0
1,0.0,0,distilbert.transformer.layer.5.sa_layer_norm.weight,random,0.1,0.1,0.5996887,1.5381291,0.7716241,0.7648872,0.058532372,0.7457119,0.7854399,0.7886088490486145,0
2,0.0,0,distilbert.transformer.layer.5.sa_layer_norm.weight,random,0.1,0.1,0.5987867,1.5381238,0.7716675,0.76529205,0.058531683,0.7455609,0.78557503,0.7888143062591553,0
2,0.0,0,distilbert.transformer.layer.4.attention.k_lin.weight,random,0.1,0.1,-0.5846172,0.66209084,-2.3033733e-06,4.876736e-05,0.048931953,-0.03240284,0.032391276,-0.0307203289121389,0
1,0.0,0,distilbert.transformer.layer.4.attention.k_lin.weight,random,0.1,0.1,-0.58480364,0.66246986,-1.8174817e-06,6.4927444e-05,0.048928764,-0.032417446,0.032394115,-0.0302498936653137,0
1,0.0,0,distilbert.transformer.layer.5.ffn.lin1.weight,random,0.1,0.1,-0.42393842,0.5019288,0.00054474943,0.00054690865,0.039345194,-0.025763376,0.026775137,0.0625471845269203,0
2,0.0,0,distilbert.transformer.layer.5.ffn.lin1.weight,random,0.1,0.1,-0.42355835,0.5007924,0.000548567,0.0005465216,0.039345212,-0.02575224,0.026769064,0.0623158626258373,0
2,0.0,0,distilbert.transformer.layer.2.attention.out_lin.weight,random,0.1,0.1,-0.35338038,0.30115405,1.2705819e-05,2.3261036e-05,0.03988457,-0.024775451,0.024758428,0.04136922955513,0
1,0.0,0,distilbert.transformer.layer.2.attention.out_lin.weight,random,0.1,0.1,-0.35531837,0.30224445,1.3067463e-05,2.9348028e-05,0.0398828,-0.024779176,0.024765313,0.0395684987306594,0
2,0.0,0,distilbert.transformer.layer.0.sa_layer_norm.weight,random,0.1,0.1,0.50617075,2.965822,0.8410942,0.8405354,0.09433293,0.8089118,0.8697586,0.9096215963363647,0
1,0.0,0,distilbert.transformer.layer.0.sa_layer_norm.weight,random,0.1,0.1,0.50722784,2.9662576,0.8410351,0.8407231,0.09436144,0.8085359,0.86926746,0.9081695675849916,0
2,0.0,0,distilbert.transformer.layer.4.ffn.lin1.weight,random,0.1,0.1,-0.8866719,0.86804307,0.0008099992,0.0007434569,0.04259371,-0.026893184,0.028376065,0.0548257529735565,0
1,0.0,0,distilbert.transformer.layer.4.ffn.lin1.weight,random,0.1,0.1,-0.88405716,0.8646869,0.00081031123,0.00073332543,0.042593773,-0.026895469,0.028375108,0.0546282827854156,0
1,0.0,0,distilbert.transformer.layer.3.attention.q_lin.weight,random,0.1,0.1,-0.2700046,0.30373558,-2.1249975e-06,-8.951974e-06,0.048978847,-0.032271765,0.032204103,0.0117439031600952,0
2,0.0,0,distilbert.transformer.layer.3.attention.q_lin.weight,random,0.1,0.1,-0.27042994,0.30354312,-4.159247e-06,-1.550328e-05,0.048979323,-0.032271437,0.032208856,0.0156002417206764,0
2,0.0,0,distilbert.transformer.layer.0.attention.out_lin.weight,random,0.1,0.1,-0.61035514,0.73955274,-2.0399973e-05,-3.2500404e-05,0.03482043,-0.02168383,0.021695621,-0.0285909846425056,0
1,0.0,0,distilbert.transformer.layer.0.attention.out_lin.weight,random,0.1,0.1,-0.6106495,0.74103296,-2.1203492e-05,-2.8593993e-05,0.034820456,-0.021678139,0.021699494,-0.028874222189188,0
1,0.0,0,distilbert.transformer.layer.0.attention.q_lin.weight,random,0.1,0.1,-0.70517683,0.49822214,6.1098355e-05,0.00013942545,0.043377828,-0.027727343,0.02778048,-0.004244115203619,0
2,0.0,0,distilbert.transformer.layer.0.attention.q_lin.weight,random,0.1,0.1,-0.7065892,0.49751785,6.0508566e-05,0.0001515224,0.04337489,-0.027727572,0.027768094,-0.0034062799531966,0
2,0.0,0,distilbert.transformer.layer.1.output_layer_norm.weight,random,0.1,0.1,0.3503041,0.9341745,0.8257632,0.8397048,0.07159689,0.79733396,0.8734124,0.8932858109474182,0
1,0.0,0,distilbert.transformer.layer.1.output_layer_norm.weight,random,0.1,0.1,0.35027665,0.9328988,0.8257244,0.83947206,0.07159769,0.79798794,0.87359726,0.8928410410881042,0
1,0.0,0,distilbert.transformer.layer.5.attention.v_lin.weight,random,0.1,0.1,-0.31334817,0.2591139,2.0760386e-05,1.6437647e-05,0.048163734,-0.03157191,0.031665947,0.0381625182926654,0
2,0.0,0,distilbert.transformer.layer.5.attention.v_lin.weight,random,0.1,0.1,-0.31249782,0.25875592,2.0563739e-05,2.9976509e-05,0.04816202,-0.031545915,0.03168668,0.0384868420660495,0
1,0.0,0,distilbert.transformer.layer.0.attention.v_lin.weight,random,0.1,0.1,-0.19170944,0.19992682,-7.390851e-05,-9.768289e-05,0.034166943,-0.022577073,0.022332843,0.0268753115087747,0
2,0.0,0,distilbert.transformer.layer.0.attention.v_lin.weight,random,0.1,0.1,-0.18877651,0.19992332,-7.0526774e-05,-0.0001029525,0.034170423,-0.02256117,0.022344634,0.0248777624219656,0
2,0.0,0,distilbert.transformer.layer.1.ffn.lin2.weight,random,0.1,0.1,-4.031601,1.1722943,-3.557993e-05,-4.3668733e-05,0.043091446,-0.026746254,0.026714273,-0.0506299324333667,0
1,0.0,0,distilbert.transformer.layer.1.ffn.lin2.weight,random,0.1,0.1,-4.0315304,1.1719949,-3.633811e-05,-4.2456268e-05,0.043092415,-0.026754087,0.026705693,-0.0517716966569423,0
1,0.0,0,distilbert.transformer.layer.2.attention.q_lin.weight,random,0.1,0.1,-0.3892058,0.39091837,-0.00018970604,-0.00019167342,0.047503296,-0.031403646,0.03102919,0.0693600699305534,0
2,0.0,0,distilbert.transformer.layer.2.attention.q_lin.weight,random,0.1,0.1,-0.38904768,0.39081365,-0.00019054463,-0.00021029034,0.047507633,-0.031441048,0.031007074,0.0701504945755004,0
2,0.0,0,distilbert.transformer.layer.1.sa_layer_norm.weight,random,0.1,0.1,0.43273273,2.0608885,0.7822227,0.79356277,0.0909482,0.7452186,0.8320441,0.8500138521194458,0
1,0.0,0,distilbert.transformer.layer.1.sa_layer_norm.weight,random,0.1,0.1,0.4353719,2.0614345,0.78227895,0.79352283,0.090994775,0.74539775,0.8321687,0.8503572344779968,0
1,0.0,0,distilbert.transformer.layer.5.attention.out_lin.weight,random,0.1,0.1,-0.50469875,0.42019835,1.8448684e-06,-1.561135e-05,0.04513705,-0.02992361,0.02997386,0.0289715379476547,0
2,0.0,0,distilbert.transformer.layer.5.attention.out_lin.weight,random,0.1,0.1,-0.50400716,0.41834608,1.8838141e-06,-2.9857085e-05,0.045135427,-0.029924171,0.029959496,0.0281808022409677,0
2,0.0,0,distilbert.transformer.layer.0.ffn.lin1.weight,random,0.1,0.1,-0.346497,0.324565,-4.7939166e-06,-0.0001332779,0.04160294,-0.027127866,0.026978962,-0.0345248878002166,0
1,0.0,0,distilbert.transformer.layer.0.ffn.lin1.weight,random,0.1,0.1,-0.34545162,0.3254996,-5.3472195e-06,-0.00012746445,0.041604266,-0.027122332,0.026975665,-0.0362394414842128,0
1,0.0,0,distilbert.transformer.layer.1.attention.k_lin.weight,random,0.1,0.1,-0.5840823,0.5160164,4.284847e-05,3.165487e-05,0.055068992,-0.03386915,0.033924457,0.0858929529786109,0
2,0.0,0,distilbert.transformer.layer.1.attention.k_lin.weight,random,0.1,0.1,-0.5822502,0.5147024,4.2187603e-05,5.0757357e-05,0.055065967,-0.033881128,0.03390839,0.0863061025738716,0
1,0.0,0,distilbert.transformer.layer.3.attention.k_lin.weight,random,0.1,0.1,-0.42426527,0.47990897,-7.410879e-06,-7.592719e-05,0.049348775,-0.032507822,0.03252127,0.0512194074690341,0
2,0.0,0,distilbert.transformer.layer.3.attention.k_lin.weight,random,0.1,0.1,-0.42441148,0.4788543,-7.861408e-06,-6.190319e-05,0.049348317,-0.032501344,0.032520525,0.0512099489569664,0
2,0.0,0,distilbert.transformer.layer.3.ffn.lin1.weight,random,0.1,0.1,-0.38202867,0.48274213,0.0006560201,0.00053227704,0.043312248,-0.02746011,0.028555509,0.0294990967959165,0
1,0.0,0,distilbert.transformer.layer.3.ffn.lin1.weight,random,0.1,0.1,-0.38327417,0.48499987,0.00065607426,0.00052035897,0.043313917,-0.027474955,0.028551426,0.0277692750096321,0
1,0.0,0,distilbert.transformer.layer.2.sa_layer_norm.weight,random,0.1,0.1,0.40928057,3.8924692,0.7490385,0.7604339,0.14828396,0.69133985,0.8080037,0.8458818197250366,0
2,0.0,0,distilbert.transformer.layer.2.sa_layer_norm.weight,random,0.1,0.1,0.4084638,3.8925183,0.7490116,0.76041746,0.1482721,0.6929206,0.80826795,0.8459067940711975,0
2,0.0,0,distilbert.transformer.layer.4.attention.out_lin.weight,random,0.1,0.1,-0.38416666,0.43732926,7.67383e-06,-8.891703e-05,0.044510067,-0.029261375,0.029258132,-0.0188876502215862,0
1,0.0,0,distilbert.transformer.layer.4.attention.out_lin.weight,random,0.1,0.1,-0.38570476,0.437462,7.044919e-06,-7.758773e-05,0.044508073,-0.029260099,0.029252134,-0.0190908852964639,0
2,0.0,0,distilbert.transformer.layer.4.attention.q_lin.weight,random,0.1,0.1,-0.2523613,0.24996108,-0.00021395921,-0.00020782827,0.04880532,-0.032765526,0.032306977,0.0515445061028003,0
1,0.0,0,distilbert.transformer.layer.4.attention.q_lin.weight,random,0.1,0.1,-0.25434905,0.24877372,-0.0002123152,-0.0002178596,0.048800673,-0.032747738,0.032333143,0.053211648017168,0
1,0.0,0,distilbert.embeddings.word_embeddings.weight,random,0.1,0.1,-1.0940688,0.59363866,-0.038322795,-0.039396904,0.046988092,-0.06762261,-0.01131577,-0.0166448429226875,0
2,0.0,0,distilbert.embeddings.word_embeddings.weight,random,0.1,0.1,-1.093693,0.5919381,-0.038322765,-0.039399892,0.046987787,-0.06762175,-0.011315358,-0.0166448429226875,0
4,0.0,0,classifier.weight,random,0.1,0.1,-0.061528433,0.062434223,-0.0005145199,-0.00090439024,0.020367553,-0.014167502,0.013769299,0.0112246563658118,0
2,0.0,0,classifier.weight,random,0.1,0.1,-0.06290072,0.063271426,-0.00051459664,-0.0007263455,0.02043718,-0.0145964725,0.013570119,0.0119488853961229,0
1,0.0,0,distilbert.transformer.layer.3.attention.v_lin.weight,random,0.1,0.1,-0.32907525,0.2693112,0.00018410744,0.0002177726,0.04610104,-0.029666662,0.0299876,-0.0169799160212278,0
2,0.0,0,distilbert.transformer.layer.3.attention.v_lin.weight,random,0.1,0.1,-0.3303386,0.27184653,0.00018403091,0.00021344417,0.04610159,-0.029671201,0.029996546,-0.0154468119144439,0
2,0.0,0,distilbert.transformer.layer.1.ffn.lin1.weight,random,0.1,0.1,-0.6872323,0.60273564,0.00016187794,1.3308233e-05,0.044708494,-0.028708529,0.02886413,0.011675402522087,0
1,0.0,0,distilbert.transformer.layer.1.ffn.lin1.weight,random,0.1,0.1,-0.6863829,0.60218656,0.00016201427,1.118834e-05,0.04471126,-0.028711664,0.028868562,0.0104127107188105,0
1,0.0,0,pre_classifier.weight,random,0.1,0.1,-0.09474606,0.090233035,-4.9845126e-05,-6.9739704e-05,0.020034177,-0.013597606,0.013470887,-0.0468812361359596,0
2,0.0,0,pre_classifier.weight,random,0.1,0.1,-0.094436795,0.09001857,-4.7200156e-05,-5.6889425e-05,0.02002803,-0.013587922,0.013479505,-0.0471255928277969,0
1,0.0,0,distilbert.transformer.layer.4.sa_layer_norm.weight,random,0.1,0.1,0.55454844,2.479992,0.73160315,0.722051,0.0940958,0.689155,0.76577747,0.7944916486740112,0
2,0.0,0,distilbert.transformer.layer.4.sa_layer_norm.weight,random,0.1,0.1,0.5550072,2.4796202,0.73164576,0.72240627,0.09408419,0.6892683,0.7656902,0.7937610745429993,0
1,0.0,0,distilbert.transformer.layer.5.output_layer_norm.weight,random,0.1,0.1,0.21497096,0.7477116,0.60633916,0.6055061,0.028595304,0.5924653,0.61992985,0.6275508403778076,0
2,0.0,0,distilbert.transformer.layer.5.output_layer_norm.weight,random,0.1,0.1,0.21422695,0.74693626,0.6061773,0.6049421,0.02862908,0.5923941,0.61966586,0.628242552280426,0
1,0.0,0,distilbert.transformer.layer.1.attention.v_lin.weight,random,0.1,0.1,-0.2281125,0.26116818,-0.00013526742,-0.00015914136,0.035779737,-0.023330824,0.022969274,-0.0050550382584333,0
2,0.0,0,distilbert.transformer.layer.1.attention.v_lin.weight,random,0.1,0.1,-0.2295679,0.26184317,-0.00013453398,-0.00015141723,0.035781752,-0.02333692,0.022982432,-0.0032781893387436,0
2,0.0,0,distilbert.transformer.layer.2.ffn.lin2.weight,random,0.1,0.1,-9.963298,2.1844459,2.3980292e-06,-2.565888e-05,0.044822868,-0.026855504,0.026951741,-0.0590173602104187,0
1,0.0,0,distilbert.transformer.layer.2.ffn.lin2.weight,random,0.1,0.1,-9.962089,2.1816192,-6.66448e-06,-3.5991725e-05,0.044822987,-0.026878608,0.026956722,-0.0573163367807865,0
2,0.0,0,distilbert.transformer.layer.0.ffn.lin2.weight,random,0.1,0.1,-2.0401697,0.9138149,-8.032268e-05,-5.4760458e-05,0.042754903,-0.026760206,0.026633985,-0.0277024786919355,0
1,0.0,0,distilbert.transformer.layer.0.ffn.lin2.weight,random,0.1,0.1,-2.0421336,0.9129805,-9.261548e-05,-8.265566e-05,0.04275683,-0.026769375,0.026620666,-0.0289129558950662,0
2,0.0,0,distilbert.transformer.layer.5.attention.k_lin.weight,random,0.1,0.1,-0.4478942,0.2850143,0.00020801592,0.00021051716,0.04854961,-0.032179333,0.03258457,0.0447351858019828,0
1,0.0,0,distilbert.transformer.layer.5.attention.k_lin.weight,random,0.1,0.1,-0.4474259,0.28537855,0.000207626,0.00020746369,0.04855256,-0.032187812,0.03259736,0.0461897812783718,0
2,0.0,0,distilbert.transformer.layer.4.output_layer_norm.weight,random,0.1,0.1,0.091545515,1.4295367,0.7762282,0.7799808,0.06671751,0.7561861,0.8045544,0.8256699442863464,0
1,0.0,0,distilbert.transformer.layer.4.output_layer_norm.weight,random,0.1,0.1,0.09229973,1.4293725,0.77631575,0.77968574,0.066643655,0.75646126,0.8046141,0.8252872824668884,0
2,0.0,0,distilbert.transformer.layer.3.attention.out_lin.weight,random,0.1,0.1,-0.27600086,0.29106566,-2.7165874e-05,1.8310839e-05,0.043782264,-0.027531676,0.027539143,-0.0675250887870788,0
1,0.0,0,distilbert.transformer.layer.3.attention.out_lin.weight,random,0.1,0.1,-0.27695543,0.29025078,-2.6342785e-05,1.02053145e-05,0.043782324,-0.027517077,0.027565347,-0.0664135068655014,0
2,0.0,0,distilbert.embeddings.position_embeddings.weight,random,0.1,0.1,-0.947397,0.72483593,-3.91646e-05,-1.3279756e-05,0.01609755,-0.009379717,0.00935821,0.0167156867682933,0
1,0.0,0,distilbert.embeddings.position_embeddings.weight,random,0.1,0.1,-0.9477712,0.727807,-3.927481e-05,-2.680656e-05,0.016102206,-0.009381506,0.009362037,0.0182634722441434,0
1,0.0,0,distilbert.transformer.layer.4.attention.v_lin.weight,random,0.1,0.1,-0.25598848,0.23608434,3.2835345e-05,1.2540831e-05,0.046913087,-0.030855834,0.030916527,-0.0530800893902778,0
2,0.0,0,distilbert.transformer.layer.4.attention.v_lin.weight,random,0.1,0.1,-0.25689322,0.2358062,3.31237e-05,1.8229013e-05,0.046913024,-0.030849416,0.030913193,-0.0529122240841388,0
2,0.0,0,distilbert.transformer.layer.5.attention.q_lin.weight,random,0.1,0.1,-0.6461778,0.6245038,-0.00020841882,-0.00033732317,0.049242686,-0.032760352,0.032428715,-0.0542990192770957,0
1,0.0,0,distilbert.transformer.layer.5.attention.q_lin.weight,random,0.1,0.1,-0.6441774,0.62497556,-0.0002082354,-0.00032933938,0.04924499,-0.032747895,0.032427404,-0.0515190511941909,0
2,0.0,0,distilbert.transformer.layer.3.ffn.lin2.weight,random,0.1,0.1,-3.135847,0.9944879,1.2413646e-05,5.0811985e-05,0.040747188,-0.025466293,0.025571445,-0.0033520257566124,0
1,0.0,0,distilbert.transformer.layer.3.ffn.lin2.weight,random,0.1,0.1,-3.1353774,0.99484193,6.244204e-06,3.782224e-05,0.040747818,-0.02546134,0.025568165,-0.0021766105201095,0
1,0.0,0,distilbert.transformer.layer.1.attention.out_lin.weight,random,0.1,0.1,-0.45673716,0.45256102,-2.1123367e-06,2.008983e-05,0.03542647,-0.022027755,0.022074062,0.0123595260083675,1
2,0.0,0,distilbert.transformer.layer.1.attention.out_lin.weight,random,0.1,0.1,-0.4564252,0.45178863,-2.8739692e-06,1.3950463e-05,0.03542824,-0.022021666,0.022073375,0.0118429632857441,1
1,0.0,0,distilbert.transformer.layer.2.attention.k_lin.weight,random,0.1,0.1,-0.34012523,0.3684799,3.999217e-05,5.8536745e-05,0.04744883,-0.031168964,0.03120539,0.0940167754888534,1
2,0.0,0,distilbert.transformer.layer.2.attention.k_lin.weight,random,0.1,0.1,-0.34152713,0.36872932,3.9142047e-05,5.6159224e-05,0.047447342,-0.031166393,0.031185085,0.0940203219652175,1
1,0.0,0,distilbert.transformer.layer.0.attention.k_lin.weight,random,0.1,0.1,-0.9365108,0.78241503,1.2024166e-05,4.2588443e-05,0.043192413,-0.027030693,0.027054848,0.0357066169381141,1
2,0.0,0,distilbert.transformer.layer.0.attention.k_lin.weight,random,0.1,0.1,-0.93712384,0.7819177,1.4889091e-05,4.3996653e-05,0.04318927,-0.027044136,0.027016884,0.034921821206808,1
2,0.0,0,distilbert.transformer.layer.0.output_layer_norm.weight,random,0.1,0.1,0.10508241,0.849417,0.74712706,0.75974804,0.070744954,0.7287928,0.7877706,0.79875248670578,1
1,0.0,0,distilbert.transformer.layer.0.output_layer_norm.weight,random,0.1,0.1,0.10483151,0.84844726,0.7470732,0.7597412,0.070757166,0.72815627,0.78737074,0.7980358004570007,1
2,0.0,0,distilbert.transformer.layer.4.ffn.lin2.weight,random,0.1,0.1,-4.255177,2.3765142,-7.785884e-06,1.4076326e-05,0.04205806,-0.026501419,0.026585467,0.0467742569744586,1
1,0.0,0,distilbert.transformer.layer.4.ffn.lin2.weight,random,0.1,0.1,-4.255054,2.376444,-2.5075577e-05,1.5959718e-06,0.042058468,-0.026515052,0.026571732,0.047031957656145,1
1,0.0,0,distilbert.transformer.layer.2.attention.v_lin.weight,random,0.1,0.1,-0.23303299,0.23444445,8.568805e-05,5.4524513e-05,0.042276215,-0.027368583,0.027502928,0.0683024451136589,1
2,0.0,0,distilbert.transformer.layer.2.attention.v_lin.weight,random,0.1,0.1,-0.23256151,0.23625097,8.498227e-05,5.9475442e-05,0.042275168,-0.027364343,0.027513206,0.0680940672755241,1
2,0.0,0,distilbert.transformer.layer.3.sa_layer_norm.weight,random,0.1,0.1,0.48124498,3.4650993,0.7385819,0.74038637,0.12914033,0.67888916,0.7936328,0.843298077583313,1
1,0.0,0,distilbert.transformer.layer.3.sa_layer_norm.weight,random,0.1,0.1,0.48177522,3.4659755,0.73859644,0.74052644,0.12916562,0.6791544,0.7936306,0.8432595729827881,1
1,0.0,0,distilbert.transformer.layer.2.output_layer_norm.weight,random,0.1,0.1,0.4818204,0.9435975,0.810864,0.8260339,0.07641316,0.76649857,0.8688736,0.907769739627838,1
2,0.0,0,distilbert.transformer.layer.2.output_layer_norm.weight,random,0.1,0.1,0.48109987,0.9441566,0.81091356,0.8269396,0.076436356,0.7658569,0.8694526,0.9067413806915284,1
1,0.0,0,distilbert.transformer.layer.2.ffn.lin1.weight,random,0.1,0.1,-0.7963125,1.2025253,0.00025813558,8.2782426e-05,0.046107326,-0.029028948,0.02935875,-0.0094962045550346,1
2,0.0,0,distilbert.transformer.layer.2.ffn.lin1.weight,random,0.1,0.1,-0.79484177,1.2008435,0.0002582223,9.212493e-05,0.046107106,-0.029027466,0.029361188,-0.0121161015704274,1
1,0.0,0,distilbert.transformer.layer.1.attention.q_lin.weight,random,0.1,0.1,-0.53732306,0.567587,-3.4607428e-06,7.9939826e-05,0.056427088,-0.034747787,0.03465654,0.0895232558250427,1
2,0.0,0,distilbert.transformer.layer.1.attention.q_lin.weight,random,0.1,0.1,-0.53650314,0.56767726,-1.6569652e-06,0.00010612211,0.056433402,-0.03475329,0.03467813,0.0908699929714202,1
2,0.0,0,distilbert.embeddings.LayerNorm.weight,random,0.1,0.1,0.08800152,0.9286479,0.74417543,0.77327836,0.13554882,0.73026586,0.8133235,0.843315064907074,1
1,0.0,0,distilbert.embeddings.LayerNorm.weight,random,0.1,0.1,0.08902314,0.9312586,0.74421406,0.77328885,0.13544193,0.72991914,0.81339395,0.8412971496582031,1
2,0.0,0,distilbert.transformer.layer.3.output_layer_norm.weight,random,0.1,0.1,0.31753454,1.1539351,0.7743337,0.7799117,0.05020796,0.74670935,0.8086864,0.8415266275405884,1
1,0.0,0,distilbert.transformer.layer.3.output_layer_norm.weight,random,0.1,0.1,0.31717488,1.1531495,0.7743418,0.7800833,0.05015853,0.74682814,0.808856,0.8409112691879272,1
1,0.0,0,distilbert.transformer.layer.5.ffn.lin2.weight,random,0.1,0.1,-3.1883094,1.0860807,3.9278584e-06,1.5840458e-05,0.037087306,-0.024535306,0.024555072,-0.0016546825645491,1
2,0.0,0,distilbert.transformer.layer.5.ffn.lin2.weight,random,0.1,0.1,-3.1849577,1.0865259,-1.6098593e-05,-4.2440106e-06,0.037086263,-0.024542939,0.024532735,-0.0039748731069266,1
1,0.0,0,distilbert.transformer.layer.5.sa_layer_norm.weight,random,0.1,0.1,0.60017943,1.5377369,0.77169204,0.76476836,0.0584752,0.74600273,0.78514355,0.7885295748710632,1
2,0.0,0,distilbert.transformer.layer.5.sa_layer_norm.weight,random,0.1,0.1,0.5998579,1.5383162,0.7715998,0.76523376,0.058532294,0.7461648,0.78516984,0.7876375317573547,1
2,0.0,0,distilbert.transformer.layer.4.attention.k_lin.weight,random,0.1,0.1,-0.5847162,0.66222876,-2.607591e-06,6.214122e-05,0.048932407,-0.03241252,0.0324243,-0.0310659073293209,1
1,0.0,0,distilbert.transformer.layer.4.attention.k_lin.weight,random,0.1,0.1,-0.58441776,0.6629344,-2.989345e-06,4.672969e-05,0.048927505,-0.032397233,0.032413464,-0.0301488637924194,1
1,0.0,0,distilbert.transformer.layer.5.ffn.lin1.weight,random,0.1,0.1,-0.42250967,0.50231165,0.00054584723,0.0005477646,0.039345786,-0.025752168,0.026773643,0.0633573085069656,1
2,0.0,0,distilbert.transformer.layer.5.ffn.lin1.weight,random,0.1,0.1,-0.42541727,0.50480723,0.0005463839,0.00054717675,0.039344884,-0.02574696,0.026778918,0.0622746981680393,1
2,0.0,0,distilbert.transformer.layer.2.attention.out_lin.weight,random,0.1,0.1,-0.35413074,0.30181056,1.3039075e-05,1.6048627e-05,0.039883442,-0.024759788,0.024761539,0.042023979127407,1
1,0.0,0,distilbert.transformer.layer.2.attention.out_lin.weight,random,0.1,0.1,-0.35496536,0.30178738,1.2645396e-05,1.4678847e-05,0.039885942,-0.024759592,0.024759758,0.0409217067062854,1
2,0.0,0,distilbert.transformer.layer.0.sa_layer_norm.weight,random,0.1,0.1,0.5056346,2.9655926,0.84103507,0.8402312,0.09432459,0.8089966,0.86925524,0.9110794067382812,1
1,0.0,0,distilbert.transformer.layer.0.sa_layer_norm.weight,random,0.1,0.1,0.5063146,2.9659712,0.84109735,0.84027976,0.09434983,0.8088286,0.8696803,0.908252775669098,1
2,0.0,0,distilbert.transformer.layer.4.ffn.lin1.weight,random,0.1,0.1,-0.8856799,0.86478174,0.0008107854,0.00073863217,0.04259237,-0.026903335,0.028378898,0.0542441681027412,1
1,0.0,0,distilbert.transformer.layer.4.ffn.lin1.weight,random,0.1,0.1,-0.88615745,0.86486095,0.0008102937,0.00073957955,0.042594388,-0.026901465,0.028386189,0.0544985458254814,1
1,0.0,0,distilbert.transformer.layer.3.attention.q_lin.weight,random,0.1,0.1,-0.26975825,0.30383515,-2.6999414e-06,-1.7595197e-05,0.048976455,-0.032267794,0.032207537,0.0123857650905847,1
2,0.0,0,distilbert.transformer.layer.3.attention.q_lin.weight,random,0.1,0.1,-0.271044,0.30425608,-1.3145537e-06,-1.4156393e-05,0.048979633,-0.03227351,0.032213785,0.013238213956356,1
2,0.0,0,distilbert.transformer.layer.0.attention.out_lin.weight,random,0.1,0.1,-0.6096179,0.7383366,-2.0846754e-05,-3.4572542e-05,0.034818888,-0.021676488,0.021709261,-0.0280448645353317,1
1,0.0,0,distilbert.transformer.layer.0.attention.out_lin.weight,random,0.1,0.1,-0.61055344,0.7391899,-2.0792379e-05,-3.3531574e-05,0.034822024,-0.02168155,0.021702688,-0.0286213811486959,1
1,0.0,0,distilbert.transformer.layer.0.attention.q_lin.weight,random,0.1,0.1,-0.705859,0.4987641,6.0204668e-05,0.00013582398,0.043373387,-0.027733587,0.027809024,-0.0030692631844431,1
2,0.0,0,distilbert.transformer.layer.0.attention.q_lin.weight,random,0.1,0.1,-0.7056303,0.50065,6.316535e-05,0.000139622,0.04337384,-0.027715238,0.027783547,-0.0020728907547891,1
2,0.0,0,distilbert.transformer.layer.1.output_layer_norm.weight,random,0.1,0.1,0.35085326,0.9335006,0.82572585,0.8394104,0.07156089,0.7980395,0.873381,0.8931943774223328,1
1,0.0,0,distilbert.transformer.layer.1.output_layer_norm.weight,random,0.1,0.1,0.35078222,0.93281627,0.825758,0.8398446,0.07163471,0.79725194,0.87380844,0.8929392099380493,1
1,0.0,0,distilbert.transformer.layer.5.attention.v_lin.weight,random,0.1,0.1,-0.31230903,0.25838807,2.110374e-05,1.173591e-05,0.048161287,-0.031538565,0.031675763,0.0386865884065628,1
2,0.0,0,distilbert.transformer.layer.5.attention.v_lin.weight,random,0.1,0.1,-0.31259173,0.2605413,2.1614043e-05,2.9450559e-05,0.048160132,-0.03155046,0.031678308,0.0377019308507442,1
1,0.0,0,distilbert.transformer.layer.0.attention.v_lin.weight,random,0.1,0.1,-0.19142789,0.20070489,-7.178974e-05,-8.513061e-05,0.034173016,-0.022573221,0.022337586,0.0248564593493938,1
2,0.0,0,distilbert.transformer.layer.0.attention.v_lin.weight,random,0.1,0.1,-0.19200598,0.19980523,-7.122016e-05,-9.4578965e-05,0.034167163,-0.022546692,0.022335732,0.0257777404040098,1
2,0.0,0,distilbert.transformer.layer.1.ffn.lin2.weight,random,0.1,0.1,-4.0312552,1.1726742,-4.4332548e-05,-5.2676594e-05,0.043091156,-0.026763128,0.026701866,-0.0526853278279304,1
1,0.0,0,distilbert.transformer.layer.1.ffn.lin2.weight,random,0.1,0.1,-4.031902,1.1713843,-3.084014e-05,-3.7786347e-05,0.043091577,-0.026741024,0.026711475,-0.0524825118482112,1
1,0.0,0,distilbert.transformer.layer.2.attention.q_lin.weight,random,0.1,0.1,-0.38838845,0.38956043,-0.00019102849,-0.0002179943,0.04750896,-0.031413272,0.031024665,0.0728623047471046,1
2,0.0,0,distilbert.transformer.layer.2.attention.q_lin.weight,random,0.1,0.1,-0.3903033,0.38851574,-0.0001914655,-0.00019903955,0.047506284,-0.031421103,0.031018293,0.0695256069302558,1
2,0.0,0,distilbert.transformer.layer.1.sa_layer_norm.weight,random,0.1,0.1,0.43467578,2.0618298,0.782275,0.7935896,0.09102597,0.7458798,0.8324803,0.8520616292953491,1
1,0.0,0,distilbert.transformer.layer.1.sa_layer_norm.weight,random,0.1,0.1,0.43424305,2.0609803,0.7822528,0.7933682,0.09103654,0.7459049,0.8320893,0.8507856726646423,1
1,0.0,0,distilbert.transformer.layer.5.attention.out_lin.weight,random,0.1,0.1,-0.50534576,0.41949567,-2.4547465e-08,-2.7126462e-05,0.04513597,-0.029922763,0.02997732,0.0288913697004318,1
2,0.0,0,distilbert.transformer.layer.5.attention.out_lin.weight,random,0.1,0.1,-0.50490534,0.4205159,5.2612205e-07,-3.053598e-05,0.04513451,-0.029939413,0.02996967,0.029431102797389,1
2,0.0,0,distilbert.transformer.layer.0.ffn.lin1.weight,random,0.1,0.1,-0.34739792,0.32447916,-5.1374527e-06,-0.0001227256,0.041604053,-0.027129125,0.026982116,-0.0365449078381061,1
1,0.0,0,distilbert.transformer.layer.0.ffn.lin1.weight,random,0.1,0.1,-0.346752,0.32538423,-5.070673e-06,-0.00013306105,0.04160398,-0.027111115,0.02698349,-0.035007357597351,1
1,0.0,0,distilbert.transformer.layer.1.attention.k_lin.weight,random,0.1,0.1,-0.58308595,0.5141099,4.2757434e-05,5.2231095e-05,0.05506889,-0.033883184,0.033924572,0.083877295255661,1
2,0.0,0,distilbert.transformer.layer.1.attention.k_lin.weight,random,0.1,0.1,-0.5829165,0.515712,4.3383745e-05,3.7507118e-05,0.05507656,-0.033897914,0.033961505,0.0862039178609848,1
1,0.0,0,distilbert.transformer.layer.3.attention.k_lin.weight,random,0.1,0.1,-0.42313215,0.4801135,-8.387287e-06,-7.236501e-05,0.049344357,-0.032510646,0.03252951,0.0523247271776199,1
2,0.0,0,distilbert.transformer.layer.3.attention.k_lin.weight,random,0.1,0.1,-0.42333093,0.48065686,-8.3116165e-06,-5.8155536e-05,0.0493495,-0.032516774,0.03250721,0.0501045696437358,1
2,0.0,0,distilbert.transformer.layer.3.ffn.lin1.weight,random,0.1,0.1,-0.3818573,0.4827148,0.00065610243,0.0005325026,0.04331109,-0.027467415,0.028569948,0.0274973418563604,1
1,0.0,0,distilbert.transformer.layer.3.ffn.lin1.weight,random,0.1,0.1,-0.3818118,0.4839095,0.0006560375,0.00053380034,0.04331031,-0.027470384,0.028560195,0.0252307541668415,1
1,0.0,0,distilbert.transformer.layer.2.sa_layer_norm.weight,random,0.1,0.1,0.4093904,3.8911176,0.748981,0.76063335,0.14825273,0.6928142,0.8079847,0.8457648754119873,1
2,0.0,0,distilbert.transformer.layer.2.sa_layer_norm.weight,random,0.1,0.1,0.40855163,3.8916838,0.74896556,0.76065,0.14825867,0.69249976,0.80724216,0.8454647064208984,1
2,0.0,0,distilbert.transformer.layer.4.attention.out_lin.weight,random,0.1,0.1,-0.3844762,0.4361027,8.620837e-06,-6.782831e-05,0.04450825,-0.029263096,0.029252436,-0.0197299420833587,1
1,0.0,0,distilbert.transformer.layer.4.attention.out_lin.weight,random,0.1,0.1,-0.3843197,0.43565458,7.969804e-06,-8.681341e-05,0.044510964,-0.02927004,0.029257525,-0.0206210520118474,1
2,0.0,0,distilbert.transformer.layer.4.attention.q_lin.weight,random,0.1,0.1,-0.25529027,0.24867138,-0.00021350455,-0.00021429054,0.048806984,-0.032770477,0.03232461,0.0512016378343105,1
1,0.0,0,distilbert.transformer.layer.4.attention.q_lin.weight,random,0.1,0.1,-0.25354996,0.25110877,-0.00021330043,-0.00020349058,0.048800983,-0.0327684,0.032310717,0.0526063553988933,1
1,0.0,0,distilbert.embeddings.word_embeddings.weight,random,0.1,0.1,-1.0925322,0.59056884,-0.03832407,-0.03940043,0.046988506,-0.06762372,-0.011316918,-0.0166448429226875,1
2,0.0,0,distilbert.embeddings.word_embeddings.weight,random,0.1,0.1,-1.0934992,0.59167707,-0.038322844,-0.039397687,0.04698595,-0.067620814,-0.011317166,-0.0166448429226875,1
4,0.0,0,classifier.weight,random,0.1,0.1,-0.067106105,0.06387785,-3.9339317e-05,0.00026263058,0.020065434,-0.014351702,0.014386787,0.0202068295329809,1
2,0.0,0,classifier.weight,random,0.1,0.1,-0.0640361,0.06401322,-3.9313163e-05,0.00019929658,0.020038247,-0.014230961,0.0143052945,0.0180763993412256,1
1,0.0,0,distilbert.transformer.layer.3.attention.v_lin.weight,random,0.1,0.1,-0.33076108,0.26973712,0.00018460408,0.00019940772,0.046101306,-0.029681835,0.029979393,-0.0144427102059125,1
2,0.0,0,distilbert.transformer.layer.3.attention.v_lin.weight,random,0.1,0.1,-0.33188647,0.27052608,0.00018308502,0.00022991124,0.046101056,-0.029660407,0.029993655,-0.0136856213212013,1
2,0.0,0,distilbert.transformer.layer.1.ffn.lin1.weight,random,0.1,0.1,-0.686786,0.6023354,0.00016203235,1.8269353e-05,0.044710398,-0.028724246,0.02887197,0.0110571524128317,1
1,0.0,0,distilbert.transformer.layer.1.ffn.lin1.weight,random,0.1,0.1,-0.68662804,0.6023816,0.00016214125,1.4490406e-05,0.0447091,-0.028708184,0.028865661,0.0092604802921414,1
1,0.0,0,pre_classifier.weight,random,0.1,0.1,-0.092875354,0.0914514,3.2293106e-06,-9.241952e-06,0.020032268,-0.013553214,0.0135300495,-0.0350937433540821,1
2,0.0,0,pre_classifier.weight,random,0.1,0.1,-0.092817865,0.09193875,6.1402585e-07,-9.242192e-06,0.020034442,-0.013542646,0.013525665,-0.0367752835154533,1
1,0.0,0,distilbert.transformer.layer.4.sa_layer_norm.weight,random,0.1,0.1,0.5539997,2.4797864,0.73163384,0.72248375,0.09408026,0.6894901,0.7651826,0.7930601835250854,1
2,0.0,0,distilbert.transformer.layer.4.sa_layer_norm.weight,random,0.1,0.1,0.5546625,2.4794142,0.7316158,0.72263765,0.09406113,0.6888455,0.76481164,0.7934359908103943,1
1,0.0,0,distilbert.transformer.layer.5.output_layer_norm.weight,random,0.1,0.1,0.21342576,0.7464178,0.60622996,0.60538113,0.028591547,0.5922706,0.6199123,0.6281255483627319,1
2,0.0,0,distilbert.transformer.layer.5.output_layer_norm.weight,random,0.1,0.1,0.21421486,0.74789345,0.6061563,0.6050303,0.028579462,0.5922535,0.6201588,0.6287144422531128,1
1,0.0,0,distilbert.transformer.layer.1.attention.v_lin.weight,random,0.1,0.1,-0.228662,0.2611305,-0.00013505424,-0.00015409541,0.035778884,-0.023312438,0.022990799,-0.0034429987426847,1
2,0.0,0,distilbert.transformer.layer.1.attention.v_lin.weight,random,0.1,0.1,-0.22962761,0.2606817,-0.00013444645,-0.00016279273,0.03578125,-0.023343988,0.022987094,-0.0034888875670731,1
2,0.0,0,distilbert.transformer.layer.2.ffn.lin2.weight,random,0.1,0.1,-9.963941,2.1827066,-1.3494122e-05,-4.1506704e-05,0.04482357,-0.026879495,0.026947789,-0.0597456246614456,1
1,0.0,0,distilbert.transformer.layer.2.ffn.lin2.weight,random,0.1,0.1,-9.962345,2.1829934,-2.07622e-06,-3.6403046e-05,0.044823468,-0.026870495,0.02695432,-0.0587666817009449,1
2,0.0,0,distilbert.transformer.layer.0.ffn.lin2.weight,random,0.1,0.1,-2.0421221,0.9120766,-9.912834e-05,-7.575327e-05,0.042756166,-0.026772643,0.026615724,-0.0284542012959718,1
1,0.0,0,distilbert.transformer.layer.0.ffn.lin2.weight,random,0.1,0.1,-2.0415187,0.91541934,-8.1156686e-05,-7.258092e-05,0.042755667,-0.026758457,0.026638305,-0.0289872027933597,1
2,0.0,0,distilbert.transformer.layer.5.attention.k_lin.weight,random,0.1,0.1,-0.44812873,0.28635922,0.00020915552,0.00020679583,0.048547838,-0.03217937,0.032584164,0.0463001132011413,1
1,0.0,0,distilbert.transformer.layer.5.attention.k_lin.weight,random,0.1,0.1,-0.44717208,0.2857273,0.00020781612,0.0002128757,0.0485513,-0.032185644,0.032583706,0.0473587661981582,1
2,0.0,0,distilbert.transformer.layer.4.output_layer_norm.weight,random,0.1,0.1,0.090751976,1.4295704,0.77623206,0.78028524,0.06671311,0.75664353,0.8044126,0.8250839710235596,1
1,0.0,0,distilbert.transformer.layer.4.output_layer_norm.weight,random,0.1,0.1,0.09120965,1.4292674,0.77628785,0.7806032,0.066658236,0.7565605,0.8043793,0.8256422877311707,1
2,0.0,0,distilbert.transformer.layer.3.attention.out_lin.weight,random,0.1,0.1,-0.27737087,0.28864604,-2.6902268e-05,1.8599341e-05,0.043780547,-0.027512023,0.027558118,-0.0670014768838882,1
1,0.0,0,distilbert.transformer.layer.3.attention.out_lin.weight,random,0.1,0.1,-0.27682257,0.2911551,-2.7301618e-05,3.9252423e-06,0.043781705,-0.027511878,0.027570283,-0.0672468617558479,1
2,0.0,0,distilbert.embeddings.position_embeddings.weight,random,0.1,0.1,-0.9472034,0.7253132,-3.85473e-05,-3.0321387e-05,0.016095692,-0.009361545,0.009364812,0.0163976978510618,1
1,0.0,0,distilbert.embeddings.position_embeddings.weight,random,0.1,0.1,-0.9462364,0.7230777,-4.0483843e-05,-3.1422613e-05,0.01607962,-0.009367542,0.009338796,0.0179330687969923,1
1,0.0,0,distilbert.transformer.layer.4.attention.v_lin.weight,random,0.1,0.1,-0.25727543,0.23719922,3.2111486e-05,3.249735e-05,0.046913587,-0.030842677,0.0309165,-0.0503827929496765,1
2,0.0,0,distilbert.transformer.layer.4.attention.v_lin.weight,random,0.1,0.1,-0.25689965,0.23598628,3.1091447e-05,1.1191554e-05,0.046911016,-0.030842906,0.030908097,-0.051132570952177,1
2,0.0,0,distilbert.transformer.layer.5.attention.q_lin.weight,random,0.1,0.1,-0.6455199,0.62347823,-0.00020753789,-0.0003111282,0.04924002,-0.032758027,0.032428715,-0.0542367175221443,1
1,0.0,0,distilbert.transformer.layer.5.attention.q_lin.weight,random,0.1,0.1,-0.64532787,0.62406707,-0.0002077313,-0.00034502134,0.049245775,-0.03273979,0.032430224,-0.0530988797545433,1
2,0.0,0,distilbert.transformer.layer.3.ffn.lin2.weight,random,0.1,0.1,-3.1361656,0.9938491,5.9435583e-06,3.3452598e-05,0.04074703,-0.025457501,0.025563555,-0.0014127834001556,1
1,0.0,0,distilbert.transformer.layer.3.ffn.lin2.weight,random,0.1,0.1,-3.1358626,0.9946282,9.401836e-06,4.7898582e-05,0.040747773,-0.025471501,0.025560275,-0.0018273893510922,1
